Type,Timestamp,Date,Time,Morn_Aft,Day_of_Week,Day,Temperature[degC],Humidity[percent],PM1.0[ug/m^3],PM2.5[ug/m^3],PM10.0[ug/m^3],O3[ppb],O3_V,NO2[ppb],NO2[V],Pressure[Pa],Latitude[deg],Longitude[deg],Altitude[m],,Ontarian Pollutants,Ontarian Standards,AAQI guide,AQ calculated(need to add formula after discussion),Location,Site,AQ_Map,Description,,,,,,,,,,,,,
Location 1,08/10/2020 9:35:05,10-Aug-20,9:35,Morning,1,Weekday,26.11,64.38,16.5,21,21.5,59.35,1.42025,52.91,1.423297,100710.3,45.392312,-75.721466,,,PM2.5[ug/m^3],30,1-3 low,2.25,The Ottawa Hospital - Civic Campus,Site A,Low Risk,,,,,,,,,,,,,,
Bad site,9/06/20 8:43,6-Sep-20,8:43,Morning,7,Weekend,19.31,55.2,0.5,1.2,2.3,68.99,32538.7,-7.17,32586.3,101300.6,45.392312,-75.721466,,,PM10.0[ug/m^3],50,4-6 moderate,1.5,The Ottawa Hospital - Civic Campus,Site A,Low Risk,,,,,,,,,,,,,,
,8/28/20 16:19,28-Aug-20,16:19,Afternoon,5,Weekend,25.97,42.25,1,1.8,2.6,101.66,32463.3,154.82,32480.6,100169.1,45.392312,-75.721466,,,O3[ppb],80,7-10 high,2.25,The Ottawa Hospital - Civic Campus,Site A,Low Risk,,,,,,,,,,,,,,
,,,,Morning,6,Weekend,,,,,,,,,,,45.392312,-75.721466,,,NO2[ppb],200,>10 very high,,The Ottawa Hospital - Civic Campus,Site A,Low Risk,,,,,,,,,,,,,,
Morning Average,,,,,,,22.71,59.79,8.5,11.1,11.9,64.17,16270.06013,22.87,16293.86165,101005.45,45.392312,-75.721466,,,O3[ppb],less than 26.67,1,1.875,The Ottawa Hospital - Civic Campus,Site A,Low Risk,,,,,,,,,,,,,,
Afternoon Average,,,,,,,25.97,42.25,1,1.8,2.6,101.66,32463.3,154.82,32480.6,100169.1,45.392312,-75.721466,,,,less than 53.33,2,2.25,The Ottawa Hospital - Civic Campus,Site A,Low Risk,,,,,,,,,,,,,,
Weekday Average,,,,,,,26.11,64.38,16.5,21,21.5,59.35,1.42025,52.91,1.423297,100710.3,45.392312,-75.721466,,,,less than 80,3,2.25,The Ottawa Hospital - Civic Campus,Site A,Low Risk,,,,,,,,,,,,,,
Weekend Average,,,,,,,22.64,48.725,0.75,1.5,2.45,85.325,32501,73.825,32533.45,100734.85,45.392312,-75.721466,,,,less than 106.68,4,1.875,The Ottawa Hospital - Civic Campus,Site A,Low Risk,,,,,,,,,,,,,,
Total Average,,,,,,,23.79666667,53.94333333,6,8,8.8,76.66666667,21667.80675,66.85333333,21689.4411,100726.6667,45.392312,-75.721466,,,,less than 133.35,5,2.0625,The Ottawa Hospital - Civic Campus,Site A,Low Risk,,,,,,,,,,,,,,
Good Site,08/10/2020 9:35:05,10-Aug-20,9:35,Morning,1,Weekday,24.46,67.885,14.5,17.5,19.25,51.27,1.42025,23.33,1.423547,100746.5,45.393154,-75.725832,,,,less than 160,6,1.75,Ruskin/Hamilton,Site B,Low Risk,,,,,,,,,,,,,,
,9/06/20 8:53,6-Sep-20,8:53,Morning,7,Weekend,16.2,64.98,1.5,2.3,2.7,33.06,32563.8,-43.02,32601.9,101387.2,45.393154,-75.725832,,,,less than 186.67,7,1.25,Ruskin/Hamilton,Site B,Low Risk,,,,,,,,,,,,,,
,8/28/20 16:25,28-Aug-20,16:25,Afternoon,5,Weekend,24.56,45.41,1.2,2.1,2.2,61,32491.4,109.87,32498.6,100203.6,45.393154,-75.725832,,,,less than 213.36,8,1.75,Ruskin/Hamilton,Site B,Low Risk,,,,,,,,,,,,,,
,,,,Morning,6,Weekend,,,,,,,,,,,45.393154,-75.725832,,,,less than 240,9,,Ruskin/Hamilton,Site B,Low Risk,,,,,,,,,,,,,,
Morning Average,,,,,,,20.33,66.4325,8,9.9,10.975,42.165,16282.61013,-9.845,16301.66177,101066.85,45.393154,-75.725832,,,,less than 266.67,10,1.5,Ruskin/Hamilton,Site B,Low Risk,,,,,,,,,,,,,,
Afternoon Average,,,,,,,24.56,45.41,1.2,2.1,2.2,61,32491.4,109.87,32498.6,100203.6,45.393154,-75.725832,,,,more than 266.67,>10,1.75,Ruskin/Hamilton,Site B,Low Risk,,,,,,,,,,,,,,
Weekday Average,,,,,,,24.46,67.885,14.5,17.5,19.25,51.27,1.42025,23.33,1.423547,100746.5,45.393154,-75.725832,,,NO2[ppb],less than 66.67,1,1.75,Ruskin/Hamilton,Site B,Low Risk,,,,,,,,,,,,,,
Weekend Average,,,,,,,20.38,55.195,1.35,2.2,2.45,47.03,32527.6,33.425,32550.25,100795.4,45.393154,-75.725832,,,,less than 133.33,2,1.5,Ruskin/Hamilton,Site B,Low Risk,,,,,,,,,,,,,,
Total Average,,,,,,,21.74,59.425,5.733333333,7.3,8.05,48.44333333,21685.54008,30.06,21700.64118,100779.1,45.393154,-75.725832,,,,less than 200,3,1.583333333,Ruskin/Hamilton,Site B,Low Risk,,,,,,,,,,,,,,
,,,,,,,,,,,,,,,,,,,,,,less than 266.68,4,,,,Low Risk,,,,,,,,,,,,,,
Location 2,08/11/2020 8:56:03,11-Aug-20,8:56,Morning,2,Weekday,26.67,68.43,14.5,19.5,20,99.46,1.419578,35.63,1.423477,99716.9,45.300498,-75.88536,,,,less than 333.35,5,2.25,Fairfield Manor Retirement Residence,Site A,Low Risk,O3 level higher than standard,,,,,,,,,,,,,
Bad site,08/23/2020 9:39:01,23-Aug-20,9:39,Morning,7,Weekend,31.5,49.06,7.4,10,10.9,-42.12,32562.1,34.96,32528.4,100299.5,45.300498,-75.88536,,,,less than 400,6,1.5,Fairfield Manor Retirement Residence,Site A,Low Risk,,,,,,,,,,,,,,
,9/10/20 16:45,10-Sep-20,16:45,Afternoon,4,Weekday,19.21,56.8,0.9,1.5,1.6,46.63,32510.4,-62.2,32605.3,101203.3,45.300498,-75.88536,,,,less than 466.67,7,,Fairfield Manor Retirement Residence,Site A,Low Risk,,,,,,,,,,,,,,
,9/19/20 17:00,19-Sep-20,17:00,Afternoon,6,Weekend,19.31,24.98,0,1,1,64.68,32542,-16.73,32591,101518.6,45.300498,-75.88536,,,,less than 533.36,8,1.5,Fairfield Manor Retirement Residence,Site A,Low Risk,,,,,,,,,,,,,,
Morning Average,,,,,,,29.085,58.745,10.95,14.75,15.45,28.67,16281.75979,35.295,16264.91174,100008.2,45.300498,-75.88536,,,,less than 600,9,1.875,Fairfield Manor Retirement Residence,Site A,Low Risk,,,,,,,,,,,,,,
Afternoon Average,,,,,,,19.26,40.89,0.45,1.25,1.3,55.655,32526.2,-39.465,32598.15,101360.95,45.300498,-75.88536,,,,less than 666.67,10,1.5,Fairfield Manor Retirement Residence,Site A,Low Risk,,,,,,,,,,,,,,
Weekday Average,,,,,,,22.94,62.615,7.7,10.5,10.8,73.045,16255.90979,-13.285,16303.36174,100460.1,45.300498,-75.88536,,,,more than 666.67,>10,2.25,Fairfield Manor Retirement Residence,Site A,Low Risk,,,,,,,,,,,,,,
Weekend Average,,,,,,,25.405,37.02,3.7,5.5,5.95,11.28,32552.05,9.115,32559.7,100909.05,45.300498,-75.88536,,,PM2.5[ug/m^3],less than 10,1,1.5,Fairfield Manor Retirement Residence,Site A,Low Risk,,,,,,,,,,,,,,
Total Average,,,,,,,24.1725,49.8175,5.7,8,8.375,42.1625,24403.97989,-2.085,24431.53087,100684.575,45.300498,-75.88536,,,,less than 20,2,1.75,Fairfield Manor Retirement Residence,Site A,Low Risk,,,,,,,,,,,,,,
Good Site,08/23/2020 9:44:41,23-Aug-20,9:44,Morning,7,Weekend,28.8,54.965,10.8,14.4,14.9,-21.785,32548.55,149.82,32482.35,100353.75,45.303757,-75.888051,,,,less than 30,3,1.75,Shearer Crescent,Site B,Low Risk,,,,,,,,,,,,,,
,8/11/20 9:03,11-Aug-20,9:03,Morning,2,Weekday,26.06,69.08,15.5,22,22.5,63.89,1.420164,40.71,1.423414,99665.8,45.303757,-75.888051,,,,less than 40,4,2.25,Shearer Crescent,Site B,Low Risk,,,,,,,,,,,,,,
,9/10/20 17:04,10-Sep-20,17:04,Afternoon,4,Weekday,15.51,66.83,0,0,0,43.8,32513,-67.86,32608,101284.7,45.303757,-75.888051,,,,less than 50,5,1.75,Shearer Crescent,Site B,Low Risk,,,,,,,,,,,,,,
,9/19/20 17:09,19-Sep-20,17:09,Afternoon,6,Weekend,17.21,27.69,0.3,0.9,1.2,1.44,32585,-52.59,32605.9,101583.6,45.303757,-75.888051,,,,less than 60,6,1,Shearer Crescent,Site B,Low Risk,,,,,,,,,,,,,,
Morning Average,,,,,,,27.43,62.0225,13.15,18.2,18.7,21.0525,16274.98508,95.265,16241.88671,100009.775,45.303757,-75.888051,,,,less than 70,7,2,Shearer Crescent,Site B,Low Risk,,,,,,,,,,,,,,
Afternoon Average,,,,,,,16.36,47.26,0.15,0.45,0.6,22.62,32549,-60.225,32606.95,101434.15,45.303757,-75.888051,,,,less than 80,8,1.375,Shearer Crescent,Site B,Low Risk,,,,,,,,,,,,,,
Weekday Average,,,,,,,20.785,67.955,7.75,11,11.25,53.845,16257.21008,-13.575,16304.71171,100475.25,45.303757,-75.888051,,,,less than 90,9,2,Shearer Crescent,Site B,Low Risk,,,,,,,,,,,,,,
Weekend Average,,,,,,,23.005,41.3275,5.55,7.65,8.05,-10.1725,32566.775,48.615,32544.125,100968.675,45.303757,-75.888051,,,,less than 100,10,1.375,Shearer Crescent,Site B,Low Risk,,,,,,,,,,,,,,
Total Average,,,,,,,21.895,54.64125,6.65,9.325,9.65,21.83625,24411.99254,17.52,24424.41835,100721.9625,45.303757,-75.888051,,,,more than 100,>10,1.6875,Shearer Crescent,Site B,Low Risk,,,,,,,,,,,,,,
,,,,,,,,,,,,,,,,,,,,,PM10.0[ug/m^3],less than 16.67,,,,,Low Risk,,,,,,,,,,,,,,
Location 3,08/15/2020 10:34:02,15-Aug-20,10:34,Morning,6,Weekend,26.56666667,47.57,4.533333333,6.633333333,7.4,23.47666667,32591.96667,-19.12,32583.66667,101153.5333,45.410553,-75.686838,,,,less than 33.33,,1,Isabella/Pretoria - Villagia in the Glebe,Site A,Low Risk,,,,,,,,,,,,,,
Bad site,08/24/2020 16:49:54,24-Aug-20,16:49,Afternoon,1,Weekday,29.35,54.09,11.2,15.8,16.7,68.99,32538,117.12,32534.7,100289.2,45.410553,-75.686838,,,,less than 50,,2,Isabella/Pretoria - Villagia in the Glebe,Site A,Low Risk,,,,,,,,,,,,,,
,,,,Morning,6,Weekend,,,,,,,,,,,45.410553,-75.686838,,,,less than 66.67,,,Isabella/Pretoria - Villagia in the Glebe,Site A,Low Risk,,,,,,,,,,,,,,
,,,,Morning,6,Weekend,,,,,,,,,,,45.410553,-75.686838,,,,less than 83.33,,,Isabella/Pretoria - Villagia in the Glebe,Site A,Low Risk,,,,,,,,,,,,,,
Morning Average,,,,,,,26.56666667,47.57,4.533333333,6.633333333,7.4,23.47666667,32591.96667,-19.12,32583.66667,101153.5333,45.410553,-75.686838,,,,less than 100,,1,Isabella/Pretoria - Villagia in the Glebe,Site A,Low Risk,,,,,,,,,,,,,,
Afternoon Average,,,,,,,29.35,54.09,11.2,15.8,16.7,68.99,32538,117.12,32534.7,100289.2,45.410553,-75.686838,,,,less than 116.67,,2,Isabella/Pretoria - Villagia in the Glebe,Site A,Low Risk,,,,,,,,,,,,,,
Weekday Average,,,,,,,29.35,54.09,11.2,15.8,16.7,68.99,32538,117.12,32534.7,100289.2,45.410553,-75.686838,,,,less than 133.33,,2,Isabella/Pretoria - Villagia in the Glebe,Site A,Low Risk,,,,,,,,,,,,,,
Weekend Average,,,,,,,26.56666667,47.57,4.533333333,6.633333333,7.4,23.47666667,32591.96667,-19.12,32583.66667,101153.5333,45.410553,-75.686838,,,,less than 150,,1,Isabella/Pretoria - Villagia in the Glebe,Site A,Low Risk,,,,,,,,,,,,,,
Total Average,,,,,,,27.95833334,50.83,7.866666667,11.21666667,12.05,46.23333334,32564.98334,49,32559.18334,100721.3667,45.410553,-75.686838,,,,less than 166.67,,1.5,Isabella/Pretoria - Villagia in the Glebe,Site A,Low Risk,,,,,,,,,,,,,,
Good Site,08/15/2020 10:34:43,15-Aug-20,10:34,Morning,6,Weekend,26.87,46.74,4.5,6.6,7.5,21.56,32593.3,-19.12,32583.8,101156.8,45.409088,-75.686736,,,,more than 166.67,,1,Strathcona,Site B,Low Risk,,,,,,,,,,,,,,
,08/24/2020 16:53:54,24-Aug-20,16:53,Afternoon,1,Weekday,29.66333333,54.98333333,10.8,15.16666667,15.96666667,138.9433333,32489.9,155.3666667,32518.53333,100287.4333,45.409088,-75.686736,,,,,,6,Strathcona,Site B,Moderate Risk,O3 level higher than standard,,,,,,,,,,,,,
,,,,Morning,6,Weekend,,,,,,,,,,,45.409088,-75.686736,,,,,,,Strathcona,Site B,Low Risk,,,,,,,,,,,,,,
,,,,Morning,6,Weekend,,,,,,,,,,,45.409088,-75.686736,,,,,,,Strathcona,Site B,Low Risk,,,,,,,,,,,,,,
Morning Average,,,,,,,26.87,46.74,4.5,6.6,7.5,21.56,32593.3,-19.12,32583.8,101156.8,45.409088,-75.686736,,,,,,1,Strathcona,Site B,Low Risk,,,,,,,,,,,,,,
Afternoon Average,,,,,,,29.66333333,54.98333333,10.8,15.16666667,15.96666667,138.9433333,32489.9,155.3666667,32518.53333,100287.4333,45.409088,-75.686736,,,,,,6,Strathcona,Site B,Moderate Risk,,,,,,,,,,,,,,
Weekday Average,,,,,,,29.66333333,54.98333333,10.8,15.16666667,15.96666667,138.9433333,32489.9,155.3666667,32518.53333,100287.4333,45.409088,-75.686736,,,,,,6,Strathcona,Site B,Moderate Risk,,,,,,,,,,,,,,
Weekend Average,,,,,,,26.87,46.74,4.5,6.6,7.5,21.56,32593.3,-19.12,32583.8,101156.8,45.409088,-75.686736,,,,,,1,Strathcona,Site B,Low Risk,,,,,,,,,,,,,,
Total Average,,,,,,,28.26666667,50.86166667,7.65,10.88333334,11.73333334,80.25166665,32541.6,68.12333335,32551.16667,100722.1167,45.409088,-75.686736,,,,,,3.5,Strathcona,Site B,Moderate Risk,,,,,,,,,,,,,,
,,,,,,,,,,,,,,,,,,,,,,,,,,,Low Risk,,,,,,,,,,,,,,
Location 4,08/23/2020 16:17:12,23-Aug-20,16:17,Afternoon,7,Weekend,31,46.03,8.23,11.13,12.1,158.3,32424.53,117.36,32495.67,100836.7,45.479651,-75.516367,,,,,,7,Place D'Orléans - Play Care Center,Site A,High Risk,O3 level higher than standard,,,,,,,,,,,,,
Bad site,,,,Morning,6,Weekend,,,,,,,,,,,45.479651,-75.516367,,,,,,,Place D'Orléans - Play Care Center,Site A,Low Risk,,,,,,,,,,,,,,
,,,,Morning,6,Weekend,,,,,,,,,,,45.479651,-75.516367,,,,,,,Place D'Orléans - Play Care Center,Site A,Low Risk,,,,,,,,,,,,,,
,,,,Morning,6,Weekend,,,,,,,,,,,45.479651,-75.516367,,,,,,,Place D'Orléans - Play Care Center,Site A,Low Risk,,,,,,,,,,,,,,
Morning Average,,,,,,,#DIV/0!,#DIV/0!,#DIV/0!,#DIV/0!,#DIV/0!,#DIV/0!,#DIV/0!,#DIV/0!,#DIV/0!,#DIV/0!,45.479651,-75.516367,,,,,,#DIV/0!,Place D'Orléans - Play Care Center,Site A,#DIV/0!,,,,,,,,,,,,,,
Afternoon Average,,,,,,,31,46.03,8.23,11.13,12.1,158.3,32424.53,117.36,32495.67,100836.7,45.479651,-75.516367,,,,,,7,Place D'Orléans - Play Care Center,Site A,High Risk,,,,,,,,,,,,,,
Weekday Average,,,,,,,#DIV/0!,#DIV/0!,#DIV/0!,#DIV/0!,#DIV/0!,#DIV/0!,#DIV/0!,#DIV/0!,#DIV/0!,#DIV/0!,45.479651,-75.516367,,,,,,#DIV/0!,Place D'Orléans - Play Care Center,Site A,#DIV/0!,,,,,,,,,,,,,,
Weekend Average,,,,,,,31,46.03,8.23,11.13,12.1,158.3,32424.53,117.36,32495.67,100836.7,45.479651,-75.516367,,,,,,7,Place D'Orléans - Play Care Center,Site A,High Risk,,,,,,,,,,,,,,
Total Average,,,,,,,31,46.03,8.23,11.13,12.1,158.3,32424.53,117.36,32495.67,100836.7,45.479651,-75.516367,,,,,,7,Place D'Orléans - Play Care Center,Site A,High Risk,,,,,,,,,,,,,,
Good Site,08/23/2020 16:34:25,23-Aug-20,16:34,Afternoon,7,Weekend,30.77,52.29333333,8.266666667,11,11.46666667,47.92666667,32500.46667,63.26,32517.3,100850.2,45.475311,-75.522397,,,,,,1,St Pierre/Rocque,Site B,Low Risk,,,,,,,,,,,,,,
,,,,Morning,6,Weekend,,,,,,,,,,,45.475311,-75.522397,,,,,,,St Pierre/Rocque,Site B,Low Risk,,,,,,,,,,,,,,
,,,,Morning,6,Weekend,,,,,,,,,,,45.475311,-75.522397,,,,,,,St Pierre/Rocque,Site B,Low Risk,,,,,,,,,,,,,,
,,,,Morning,6,Weekend,,,,,,,,,,,45.475311,-75.522397,,,,,,,St Pierre/Rocque,Site B,Low Risk,,,,,,,,,,,,,,
Morning Average,,,,,,,#DIV/0!,#DIV/0!,#DIV/0!,#DIV/0!,#DIV/0!,#DIV/0!,#DIV/0!,#DIV/0!,#DIV/0!,#DIV/0!,45.475311,-75.522397,,,,,,#DIV/0!,St Pierre/Rocque,Site B,#DIV/0!,,,,,,,,,,,,,,
Afternoon Average,,,,,,,30.77,52.29333333,8.266666667,11,11.46666667,47.92666667,32500.46667,63.26,32517.3,100850.2,45.475311,-75.522397,,,,,,1,St Pierre/Rocque,Site B,Low Risk,,,,,,,,,,,,,,
Weekday Average,,,,,,,#DIV/0!,#DIV/0!,#DIV/0!,#DIV/0!,#DIV/0!,#DIV/0!,#DIV/0!,#DIV/0!,#DIV/0!,#DIV/0!,45.475311,-75.522397,,,,,,#DIV/0!,St Pierre/Rocque,Site B,#DIV/0!,,,,,,,,,,,,,,
Weekend Average,,,,,,,30.77,52.29333333,8.266666667,11,11.46666667,47.92666667,32500.46667,63.26,32517.3,100850.2,45.475311,-75.522397,,,,,,1,St Pierre/Rocque,Site B,Low Risk,,,,,,,,,,,,,,
Total Average,,,,,,,30.77,52.29333333,8.266666667,11,11.46666667,47.92666667,32500.46667,63.26,32517.3,100850.2,45.475311,-75.522397,,,,,,1,St Pierre/Rocque,Site B,Low Risk,,,,,,,,,,,,,,
,,,,,,,,,,,,,,,,,,,,,,,,,,,Low Risk,,,,,,,,,,,,,,
Location 5,08/25/2020 9:23:19,25-Aug-20,9:23,Morning,2,Weekday,28.5,51.19,4.9,7.2,7.9,25.43,32525.2,-25.45,32592.1,100218.2,45.432199,-75.607403,,,,,,1,Blair Station,Site A,Low Risk,,,,,,,,,,,,,,
Bad site,8/30/20 8:34,30-Aug-20,8:34:50,Morning,7,Weekend,20.09,51.805,0,0.3,0.4,74.185,32490.85,-69.27,32607.8,99854,45.432199,-75.607403,,,,,,1.75,Blair Station,Site A,Low Risk,,,,,,,,,,,,,,
,,,,Morning,6,Weekend,,,,,,,,,,,45.432199,-75.607403,,,,,,,Blair Station,Site A,Low Risk,,,,,,,,,,,,,,
,9/21/20 9:26,21-Sep-20,9:26:50,Morning,1,Weekday,16.17,41.28,2.8,4.5,5,-61.81,32629.6,35.85,32568.2,102948.1,45.432199,-75.607403,,,,,,1.5,Blair Station,Site A,Low Risk,,,,,,,,,,,,,,
Morning Average,,,,,,,21.58666667,48.09166667,2.566666667,4,4.433333333,12.60166667,32548.55,-19.62333333,32589.36667,101006.7667,45.432199,-75.607403,,,,,,1.416666667,Blair Station,Site A,Low Risk,,,,,,,,,,,,,,
Afternoon Average,,,,,,,#DIV/0!,#DIV/0!,#DIV/0!,#DIV/0!,#DIV/0!,#DIV/0!,#DIV/0!,#DIV/0!,#DIV/0!,#DIV/0!,45.432199,-75.607403,,,,,,#DIV/0!,Blair Station,Site A,#DIV/0!,,,,,,,,,,,,,,
Weekday Average,,,,,,,22.335,46.235,3.85,5.85,6.45,-18.19,32577.4,5.2,32580.15,101583.15,45.432199,-75.607403,,,,,,1.25,Blair Station,Site A,Low Risk,,,,,,,,,,,,,,
Weekend Average,,,,,,,20.09,51.805,0,0.3,0.4,74.185,32490.85,-69.27,32607.8,99854,45.432199,-75.607403,,,,,,1.75,Blair Station,Site A,Low Risk,,,,,,,,,,,,,,
Total Average,,,,,,,21.58666667,48.09166667,2.566666667,4,4.433333333,12.60166667,32548.55,-19.62333333,32589.36667,101006.7667,45.432199,-75.607403,,,,,,1.416666667,Blair Station,Site A,Low Risk,,,,,,,,,,,,,,
Good Site,08/25/2020 10:03:49 AM,25-Aug-20,10:03,Morning,2,Weekday,26.84,55.355,6.65,8.5,9.05,126.465,32454.25,-52.305,32601.9,100142.05,45.409234,-75.721838,,,,,,2,Bayview Station,Site B,Low Risk,O3 level higher than standard,,,,,,,,,,,,,
,8/30/20 9:28,30-Aug-20,9:28:03,Morning,7,Weekend,22.16,50.89,0.7,1.7,1.9,42.39,32513.5,-2.83,32584.8,100174,45.409234,-75.721838,,,,,,1.25,Bayview Station,Site B,Low Risk,,,,,,,,,,,,,,
,9/09/20 19:04,9-Sep-20,19:04,Afternoon,3,Weekday,17.15,66.02,0.9,1.9,2.2,31.09,32521.2,-93.3,32616.2,102090.6,45.402832,-75.736984,,,,,,1.5,Bayview Station,Site B,Low Risk,,,,,,,,,,,,,,
,9/21/20 8:30,21-Sep-20,8:30:08,Morning,1,Weekday,20.29,36,0.2,0.6,1,83.37,32528.3,19.12,32575.4,103081.6,45.409234,-75.721838,,,,,,1.5,Bayview Station,Site B,Low Risk,,,,,,,,,,,,,,
Morning Average,,,,,,,23.09666667,47.415,2.516666667,3.6,3.983333333,84.075,32498.68333,-12.005,32587.36667,101132.55,45.409234,-75.721838,,,,,,1.583333333,Bayview Station,Site B,Low Risk,,,,,,,,,,,,,,
Afternoon Average,,,,,,,17.15,66.02,0.9,1.9,2.2,31.09,32521.2,-93.3,32616.2,102090.6,45.409234,-75.721838,,,,,,1.5,Bayview Station,Site B,Low Risk,,,,,,,,,,,,,,
Weekday Average,,,,,,,21.42666667,52.45833333,2.583333333,3.666666667,4.083333333,80.30833333,32501.25,-42.16166667,32597.83333,101771.4167,45.409234,-75.721838,,,,,,1.666666667,Bayview Station,Site B,Low Risk,,,,,,,,,,,,,,
Weekend Average,,,,,,,22.16,50.89,0.7,1.7,1.9,42.39,32513.5,-2.83,32584.8,100174,45.409234,-75.721838,,,,,,1.25,Bayview Station,Site B,Low Risk,,,,,,,,,,,,,,
Total Average,,,,,,,21.61,52.06625,2.1125,3.175,3.5375,70.82875,32504.3125,-32.32875,32594.575,101372.0625,45.409234,-75.721838,,,,,,1.5625,Bayview Station,Site B,Low Risk,,,,,,,,,,,,,,
,,,,,,,,,,,,,,,,,,,,,,,,,,,Low Risk,,,,,,,,,,,,,,
Location 6,08/16/2020 9:19:49,16-Aug-20,9:19,Morning,7,Weekend,23.57,37.6,7.8,12.1,14,96.3,32519.9,133.86,32527.5,100828.9,45.429372,-75.686675,,,,,,2.5,George/King Edward - Andrew Fleck Children's Services,Site A,Low Risk,,,,,,,,,,,,,,
Bad site,8/25/20 15:56,25-Aug-20,15:56,Afternoon,2,Weekday,25.67,42.12,0.9,2.1,2.5,80.49,32530,-7.17,32586.7,100317.9,45.429372,-75.686675,,,,,,1.75,George/King Edward - Andrew Fleck Children's Services,Site A,Low Risk,,,,,,,,,,,,,,
,9/12/20 16:20,12-Sep-20,16:20,Afternoon,6,Weekend,24.81,42.59,5.433333333,7.2,7.9,105.5033333,32468.93333,38.63666667,32569.43333,101606.4667,45.429372,-75.686675,,,,,,1.75,George/King Edward - Andrew Fleck Children's Services,Site A,Low Risk,,,,,,,,,,,,,,
,9/23/20,23-Sep-20,8:15,Morning,3,Weekday,20.895,49.975,5.6,10.5,13.8,-86.96,32647,3.585,32582.45,100438.85,45.429372,-75.686675,,,,,,2,George/King Edward - Andrew Fleck Children's Services,Site A,Low Risk,,,,,,,,,,,,,,
Morning Average,,,,,,,22.2325,43.7875,6.7,11.3,13.9,4.67,32583.45,68.7225,32554.975,100633.875,45.429372,-75.686675,,,,,,2.25,George/King Edward - Andrew Fleck Children's Services,Site A,Low Risk,,,,,,,,,,,,,,
Afternoon Average,,,,,,,25.24,42.355,3.166666667,4.65,5.2,92.99666665,32499.46667,15.73333334,32578.06667,100962.1834,45.429372,-75.686675,,,,,,1.75,George/King Edward - Andrew Fleck Children's Services,Site A,Low Risk,,,,,,,,,,,,,,
Weekday Average,,,,,,,23.2825,46.0475,3.25,6.3,8.15,-3.235,32588.5,-1.7925,32584.575,100378.375,45.429372,-75.686675,,,,,,1.875,George/King Edward - Andrew Fleck Children's Services,Site A,Low Risk,,,,,,,,,,,,,,
Weekend Average,,,,,,,24.19,40.095,6.616666667,9.65,10.95,100.9016667,32494.41667,86.24833334,32548.46667,101217.6834,45.429372,-75.686675,,,,,,2.125,George/King Edward - Andrew Fleck Children's Services,Site A,Low Risk,,,,,,,,,,,,,,
Total Average,,,,,,,23.73625,43.07125,4.933333333,7.975,9.55,48.83333333,32541.45833,42.22791667,32566.52083,100798.0292,45.429372,-75.686675,,,,,,2,George/King Edward - Andrew Fleck Children's Services,Site A,Low Risk,,,,,,,,,,,,,,
Good Site,08/16/2020 9:39:05,16-Aug-20,9:39,Morning,7,Weekend,23.9,60.64,11.4,16.8,18.1,68.99,32538.2,88.44,32546.4,100956.8,45.431553,-75.685484,,,,,,2.25,York/Nelson,Site B,Low Risk,,,,,,,,,,,,,,
,8/25/20 15:46,25-Aug-20,15:46,Afternoon,2,Weekday,25.675,40.825,0,0.6,1.5,25.155,32568.9,-50.2,32604.55,100180.4,45.431553,-75.685484,,,,,,1,York/Nelson,Site B,Low Risk,,,,,,,,,,,,,,
,9/12/20 16:31,12-Sep-20,16:31:57,Afternoon,6,Weekend,24.45333333,43.8,9.066666667,12.76666667,13.93333333,110.69,32465.13333,2.826666667,32582.83333,101594.2667,45.431553,-75.685484,,,,,,2.25,York/Nelson,Site B,Low Risk,,,,,,,,,,,,,,
,9/23/20,23-Sep-20,,Morning,3,Weekday,19.75,54.4,5.9,10,11.8,-68.99,32634.1,-11.95,32588.6,100446.5,45.431484,-75.685417,,,,,,1.75,York/Nelson,Site B,Low Risk,,,,,,,,,,,,,,
Morning Average,,,,,,,21.825,57.52,8.65,13.4,14.95,0,32586.15,38.245,32567.5,100701.65,45.431553,-75.685484,,,,,,2,York/Nelson,Site B,Low Risk,,,,,,,,,,,,,,
Afternoon Average,,,,,,,25.06416667,42.3125,4.533333334,6.683333335,7.716666665,67.9225,32517.01667,-23.68666667,32593.69167,100887.3334,45.431553,-75.685484,,,,,,1.625,York/Nelson,Site B,Low Risk,,,,,,,,,,,,,,
Weekday Average,,,,,,,22.7125,47.6125,2.95,5.3,6.65,-21.9175,32601.5,-31.075,32596.575,100313.45,45.431553,-75.685484,,,,,,1.375,York/Nelson,Site B,Low Risk,,,,,,,,,,,,,,
Weekend Average,,,,,,,24.17666667,52.22,10.23333333,14.78333334,16.01666667,89.84,32501.66667,45.63333333,32564.61667,101275.5334,45.431553,-75.685484,,,,,,2.25,York/Nelson,Site B,Low Risk,,,,,,,,,,,,,,
Total Average,,,,,,,23.44458333,49.91625,6.591666667,10.04166667,11.33333333,33.96125,32551.58333,7.279166667,32580.59583,100794.4917,45.431553,-75.685484,,,,,,1.8125,York/Nelson,Site B,Low Risk,,,,,,,,,,,,,,
,,,,,,,,,,,,,,,,,,,,,,,,,,,Low Risk,,,,,,,,,,,,,,
Location 7,8/13/20 10:18,13-Aug-20,10:18:41,Morning,4,Weekday,27.42,54.24,10.3,13.8,14.8,24.69,32536.8,-44.95,32493.5,101098.6,45.274663,-75.739268,,,,,,1.25,Longfield Drive/Strandherd - City view daycare,Site A,Low Risk,,,,,,,,,,,,,,
Bad site,9/03/20 17:11,3-Sep-20,17:11:51,Afternoon,4,Weekday,27.44071429,43.21142857,1.807142857,2.771428571,3.307142857,-23.40857143,32602.76429,-18.43714286,32591.10714,99250.00714,45.274663,-75.739268,,,,,,1,Longfield Drive/Strandherd - City view daycare,Site A,Low Risk,,,,,,,,,,,,,,
,9/13/20 8:43,13-Sep-20,8:43:54,Morning,7,Weekend,21.72,58.74,1.9,3.1,3.5,49.46,32508.6,-62.2,32605.5,100258.9,45.274663,-75.739268,,,,,,1.25,Longfield Drive/Strandherd - City view daycare,Site A,Low Risk,,,,,,,,,,,,,,
,9/27/20 16:19,27-Sep-20,16:19,Afternoon,7,Weekend,27.38,47.05,3.1,6.1,7.6,-7.07,32548.8,14.14,32578.8,99650.1,45.274663,-75.739268,,,,,,,Longfield Drive/Strandherd - City view daycare,Site A,Low Risk,,,,,,,,,,,,,,
Morning Average,,,,,,,24.57,56.49,6.1,8.45,9.15,37.075,32522.7,-53.575,32549.5,100678.75,45.274663,-75.739268,,,,,,1.25,Longfield Drive/Strandherd - City view daycare,Site A,Low Risk,,,,,,,,,,,,,,
Afternoon Average,,,,,,,27.41035715,45.13071429,2.453571429,4.435714286,5.453571429,-15.23928572,32575.78215,-2.14857143,32584.95357,99450.05357,45.274663,-75.739268,,,,,,1,Longfield Drive/Strandherd - City view daycare,Site A,Low Risk,,,,,,,,,,,,,,
Weekday Average,,,,,,,27.43035715,48.72571429,6.053571429,8.285714286,9.053571429,0.640714285,32569.78215,-31.69357143,32542.30357,100174.3036,45.274663,-75.739268,,,,,,1.125,Longfield Drive/Strandherd - City view daycare,Site A,Low Risk,,,,,,,,,,,,,,
Weekend Average,,,,,,,24.55,52.895,2.5,4.6,5.55,21.195,32528.7,-24.03,32592.15,99954.5,45.274663,-75.739268,,,,,,1.25,Longfield Drive/Strandherd - City view daycare,Site A,Low Risk,,,,,,,,,,,,,,
Total Average,,,,,,,25.99017857,50.81035714,4.276785714,6.442857143,7.301785714,10.91785714,32549.24107,-27.86178572,32567.22679,100064.4018,45.274663,-75.739268,,,,,,1.166666667,Longfield Drive/Strandherd - City view daycare,Site A,Low Risk,,,,,,,,,,,,,,
Good Site,8/13/20 10:24,13-Aug-20,10:24:16,Morning,4,Weekday,27.56,52.765,10.1,13.6,14.5,-15.975,32564.6,-107.37,32518.55,101091.85,45.274601,-75.742961,,,,,,1.5,Portrush/Rodeo Park,Site B,Low Risk,,,,,,,,,,,,,,
,9/03/20 17:38,3-Sep-20,17:38,Afternoon,4,Weekday,25.61,45.97,2,2.7,3.1,20.12,32572.6,-21.51,32592.2,99186.1,45.274601,-75.742961,,,,,,1,Portrush/Rodeo Park,Site B,Low Risk,,,,,,,,,,,,,,
,"9/13/2020 9""09:14",13-Sep-20,9:09:14,Morning,7,Weekend,18.49,70.81,2.9,4.6,5.7,26.85,32524.2,-96.13,32617.8,100181.7,45.274601,-75.742961,,,,,,1.5,Portrush/Rodeo Park,Site B,Low Risk,,,,,,,,,,,,,,
,9/27/20 16:42,27-Sep-20,16:42,Afternoon,7,Weekend,27.32,48.6,4,6.4,7.1,33.91,32519.6,-14.14,32588.5,99607.9,45.274601,-75.742961,,,,,,1.25,Portrush/Rodeo Park,Site B,Low Risk,,,,,,,,,,,,,,
Morning Average,,,,,,,23.025,61.7875,6.5,9.1,10.1,5.4375,32544.4,-101.75,32568.175,100636.775,45.274601,-75.742961,,,,,,1.5,Portrush/Rodeo Park,Site B,Low Risk,,,,,,,,,,,,,,
Afternoon Average,,,,,,,26.465,47.285,3,4.55,5.1,27.015,32546.1,-17.825,32590.35,99397,45.274601,-75.742961,,,,,,1.125,Portrush/Rodeo Park,Site B,Low Risk,,,,,,,,,,,,,,
Weekday Average,,,,,,,26.585,49.3675,6.05,8.15,8.8,2.0725,32568.6,-64.44,32555.375,100138.975,45.274601,-75.742961,,,,,,1.25,Portrush/Rodeo Park,Site B,Low Risk,,,,,,,,,,,,,,
Weekend Average,,,,,,,22.905,59.705,3.45,5.5,6.4,30.38,32521.9,-55.135,32603.15,99894.8,45.274601,-75.742961,,,,,,1.375,Portrush/Rodeo Park,Site B,Low Risk,,,,,,,,,,,,,,
Total Average,,,,,,,24.745,54.53625,4.75,6.825,7.6,16.22625,32545.25,-59.7875,32579.2625,100016.8875,45.274601,-75.742961,,,,,,1.3125,Portrush/Rodeo Park,Site B,Low Risk,,,,,,,,,,,,,,
,,,,,,,,,,,,,,,,,,,,,,,,,,,Low Risk,,,,,,,,,,,,,,
Location 8,8/22/20 16:21,22-Aug-20,16:21,Afternoon,6,Weekend,28.75,38.18,2.5,4,5,76.18,32534,160.15,32517,100462.4,45.383748,-75.738561,,,,,,2,Kirkwood/Carling - Embassy West Senior Living,Site A,Low Risk,,,,,,,,,,,,,,
Bad site,9/09/20 9:25,9-Sep-20,9:25,Morning,3,Weekday,18.39,64.33,0.9,1.7,2.2,139.89,32444.3,16.96,32577.1,101873.4,45.383748,-75.738561,,,,,,2.25,Kirkwood/Carling - Embassy West Senior Living,Site A,Low Risk,,,,,,,,,,,,,,
,9/01/20 17:17,1-Sep-20,17:17,Afternoon,2,Weekday,25.51,57.99,3.4,4.4,4.8,165.57,32419.3,117.36,32495.6,100749.1,45.383748,-75.738561,,,,,,2.75,Kirkwood/Carling - Embassy West Senior Living,Site A,Low Risk,,,,,,,,,,,,,,
,9/20/20 8:39,20-Sep-20,8:39,Morning,7,Weekend,22.6,39.96,0.3,0.6,0.9,163.91,32427.1,42.41,32568.2,102815.2,45.383748,-75.738561,,,,,,2.5,Kirkwood/Carling - Embassy West Senior Living,Site A,Low Risk,,,,,,,,,,,,,,
Morning Average,,,,,,,20.495,52.145,0.6,1.15,1.55,151.9,32435.7,29.685,32572.65,102344.3,45.383748,-75.738561,,,,,,2.375,Kirkwood/Carling - Embassy West Senior Living,Site A,Low Risk,,,,,,,,,,,,,,
Afternoon Average,,,,,,,27.13,48.085,2.95,4.2,4.9,120.875,32476.65,138.755,32506.3,100605.75,45.383748,-75.738561,,,,,,2.375,Kirkwood/Carling - Embassy West Senior Living,Site A,Low Risk,,,,,,,,,,,,,,
Weekday Average,,,,,,,21.95,61.16,2.15,3.05,3.5,152.73,32431.8,67.16,32536.35,101311.25,45.383748,-75.738561,,,,,,2.5,Kirkwood/Carling - Embassy West Senior Living,Site A,Low Risk,,,,,,,,,,,,,,
Weekend Average,,,,,,,25.675,39.07,1.4,2.3,2.95,120.045,32480.55,101.28,32542.6,101638.8,45.383748,-75.738561,,,,,,2.25,Kirkwood/Carling - Embassy West Senior Living,Site A,Low Risk,,,,,,,,,,,,,,
Total Average,,,,,,,23.8125,50.115,1.775,2.675,3.225,136.3875,32456.175,84.22,32539.475,101475.025,45.383748,-75.738561,,,,,,2.375,Kirkwood/Carling - Embassy West Senior Living,Site A,Low Risk,,,,,,,,,,,,,,
Good Site,08/22/2020 16:35:25,22-Aug-20,16:35,Afternoon,6,Weekend,28.84,38.36,3.2,4.9,5.3,34.5,32562.8,-2.39,32584.3,100484.5,45.383212,-75.73704,,,,,,1.25,Thames/Meast,Site B,Low Risk,,,,,,,,,,,,,,
,9/09/20 9:45,9-Sep-20,9:45,Morning,3,Weekday,16.11,73.37,1.1,1.8,2.2,67.83,32496,-76.34,32610.3,101962.5,45.383212,-75.73704,,,,,,1.75,Thames/Meast,Site B,Low Risk,,,,,,,,,,,,,,
,9/01/20 17:20,1-Sep-20,17:20,Afternoon,2,Weekday,25.15,58.99,3.3,4.3,4.6,143.78,32434.7,94.89,32504.5,100768.7,45.383212,-75.73704,,,,,,2.25,Thames/Meast,Site B,Low Risk,,,,,,,,,,,,,,
,9/20/20 8:57,20-Sep-20,8:57,Morning,7,Weekend,15.43,44.14,2.8,4.3,5.1,169.56,32423.4,-67.86,32607.7,102868.2,45.383212,-75.73704,,,,,,2.75,Thames/Meast,Site B,Low Risk,,,,,,,,,,,,,,
Morning Average,,,,,,,15.77,58.755,1.95,3.05,3.65,118.695,32459.7,-72.1,32609,102415.35,45.383212,-75.73704,,,,,,2.25,Thames/Meast,Site B,Low Risk,,,,,,,,,,,,,,
Afternoon Average,,,,,,,26.995,48.675,3.25,4.6,4.95,89.14,32498.75,46.25,32544.4,100626.6,45.383212,-75.73704,,,,,,1.75,Thames/Meast,Site B,Low Risk,,,,,,,,,,,,,,
Weekday Average,,,,,,,20.63,66.18,2.2,3.05,3.4,105.805,32465.35,9.275,32557.4,101365.6,45.383212,-75.73704,,,,,,2,Thames/Meast,Site B,Low Risk,,,,,,,,,,,,,,
Weekend Average,,,,,,,22.135,41.25,3,4.6,5.2,102.03,32493.1,-35.125,32596,101676.35,45.383212,-75.73704,,,,,,2,Thames/Meast,Site B,Low Risk,,,,,,,,,,,,,,
Total Average,,,,,,,21.3825,53.715,2.6,3.825,4.3,103.9175,32479.225,-12.925,32576.7,101520.975,45.383212,-75.73704,,,,,,2,Thames/Meast,Site B,Low Risk,,,,,,,,,,,,,,
,,,,,,,,,,,,,,,,,,,,,,,,,,,Low Risk,,,,,,,,,,,,,,
Location 9,8/17/20 8:36,17-Aug-20,8:36,Morning,1,Weekday,23.79,64.36,3.6,5.6,6,52.28,32497.3,139.83,32486.8,100543.5,45.393367,-75.683854,,,,,,1,Hopewell av/ Bank - Hopewell avenue public school,Site A,Low Risk,,,,,,,,,,,,,,
Bad site,9/14/20,14-Sep-20,8:51,Morning,1,Weekday,15.31,49.125,0.15,0.9,0.9,100.215,32464.8,-7.49,32545.7,101719.6,45.393367,-75.683854,,,,,,,Hopewell av/ Bank - Hopewell avenue public school,Site A,Low Risk,,,,,,,,,,,,,,
,,,,Morning,6,Weekend,,,,,,,,,,,45.393367,-75.683854,,,,,,,Hopewell av/ Bank - Hopewell avenue public school,Site A,Low Risk,,,,,,,,,,,,,,
,,,,Morning,6,Weekend,,,,,,,,,,,45.393367,-75.683854,,,,,,,Hopewell av/ Bank - Hopewell avenue public school,Site A,Low Risk,,,,,,,,,,,,,,
Morning Average,,,,,,,19.55,56.7425,1.875,3.25,3.45,76.2475,32481.05,66.17,32516.25,101131.55,45.393367,-75.683854,,,,,,1,Hopewell av/ Bank - Hopewell avenue public school,Site A,Low Risk,,,,,,,,,,,,,,
Afternoon Average,,,,,,,#DIV/0!,#DIV/0!,#DIV/0!,#DIV/0!,#DIV/0!,#DIV/0!,#DIV/0!,#DIV/0!,#DIV/0!,#DIV/0!,45.393367,-75.683854,,,,,,#DIV/0!,Hopewell av/ Bank - Hopewell avenue public school,Site A,#DIV/0!,,,,,,,,,,,,,,
Weekday Average,,,,,,,19.55,56.7425,1.875,3.25,3.45,76.2475,32481.05,66.17,32516.25,101131.55,45.393367,-75.683854,,,,,,1,Hopewell av/ Bank - Hopewell avenue public school,Site A,Low Risk,,,,,,,,,,,,,,
Weekend Average,,,,,,,#DIV/0!,#DIV/0!,#DIV/0!,#DIV/0!,#DIV/0!,#DIV/0!,#DIV/0!,#DIV/0!,#DIV/0!,#DIV/0!,45.393367,-75.683854,,,,,,#DIV/0!,Hopewell av/ Bank - Hopewell avenue public school,Site A,#DIV/0!,,,,,,,,,,,,,,
Total Average,,,,,,,19.55,56.7425,1.875,3.25,3.45,76.2475,32481.05,66.17,32516.25,101131.55,45.393367,-75.683854,,,,,,1,Hopewell av/ Bank - Hopewell avenue public school,Site A,Low Risk,,,,,,,,,,,,,,
Good Site,8/17/20,17-Aug-20,8:41:21,Morning,1,Weekday,23.155,67.03,2.7,3.95,4.3,36.31,32508.2,127.35,32491.3,100582.45,45.39268,-75.685342,,,,,,1,Hopewell/Grosvenor (47 Hopewell),Site B,Low Risk,,,,,,,,,,,,,,
,9/14/20,14-Sep-20,9:07,Morning,1,Weekday,14.645,50.825,0.1,0.15,0.25,85.69,32474.65,-16.23,32548.9,101779.35,45.39268,-75.685342,,,,,,,Hopewell/Grosvenor (47 Hopewell),Site B,Low Risk,,,,,,,,,,,,,,
,,,,Morning,6,Weekend,,,,,,,,,,,45.39268,-75.685342,,,,,,,Hopewell/Grosvenor (47 Hopewell),Site B,Low Risk,,,,,,,,,,,,,,
,,,,Morning,6,Weekend,,,,,,,,,,,45.39268,-75.685342,,,,,,,Hopewell/Grosvenor (47 Hopewell),Site B,Low Risk,,,,,,,,,,,,,,
Morning Average,,,,,,,18.9,58.9275,1.4,2.05,2.275,61,32491.425,55.56,32520.1,101180.9,45.39268,-75.685342,,,,,,1,Hopewell/Grosvenor (47 Hopewell),Site B,Low Risk,,,,,,,,,,,,,,
Afternoon Average,,,,,,,#DIV/0!,#DIV/0!,#DIV/0!,#DIV/0!,#DIV/0!,#DIV/0!,#DIV/0!,#DIV/0!,#DIV/0!,#DIV/0!,45.39268,-75.685342,,,,,,#DIV/0!,Hopewell/Grosvenor (47 Hopewell),Site B,#DIV/0!,,,,,,,,,,,,,,
Weekday Average,,,,,,,18.9,58.9275,1.4,2.05,2.275,61,32491.425,55.56,32520.1,101180.9,45.39268,-75.685342,,,,,,1,Hopewell/Grosvenor (47 Hopewell),Site B,Low Risk,,,,,,,,,,,,,,
Weekend Average,,,,,,,#DIV/0!,#DIV/0!,#DIV/0!,#DIV/0!,#DIV/0!,#DIV/0!,#DIV/0!,#DIV/0!,#DIV/0!,#DIV/0!,45.39268,-75.685342,,,,,,#DIV/0!,Hopewell/Grosvenor (47 Hopewell),Site B,#DIV/0!,,,,,,,,,,,,,,
Total Average,,,,,,,18.9,58.9275,1.4,2.05,2.275,61,32491.425,55.56,32520.1,101180.9,45.39268,-75.685342,,,,,,1,Hopewell/Grosvenor (47 Hopewell),Site B,Low Risk,,,,,,,,,,,,,,
,,,,,,,,,,,,,,,,,,,,,,,,,,,Low Risk,,,,,,,,,,,,,,
Location 10,08/22/2020 9:40:10,22-Aug-20,9:40,Morning,6,Weekend,23.57,52.37,1.2,2.2,2.5,60.37,32544.5,86.05,32547.3,100727.8,45.437719,-75.657378,,,,,,1,St Anne/Montréal - Mega Shelter,Site A,Low Risk,,,,,,,,,,,,,,
Bad site,,,,Morning,6,Weekend,,,,,,,,,,,45.437719,-75.657378,,,,,,,St Anne/Montréal - Mega Shelter,Site A,Low Risk,,,,,,,,,,,,,,
,,,,Morning,6,Weekend,,,,,,,,,,,45.437719,-75.657378,,,,,,,St Anne/Montréal - Mega Shelter,Site A,Low Risk,,,,,,,,,,,,,,
,,,,Morning,6,Weekend,,,,,,,,,,,45.437719,-75.657378,,,,,,,St Anne/Montréal - Mega Shelter,Site A,Low Risk,,,,,,,,,,,,,,
Morning Average,,,,,,,23.57,52.37,1.2,2.2,2.5,60.37,32544.5,86.05,32547.3,100727.8,45.437719,-75.657378,,,,,,1,St Anne/Montréal - Mega Shelter,Site A,Low Risk,,,,,,,,,,,,,,
Afternoon Average,,,,,,,#DIV/0!,#DIV/0!,#DIV/0!,#DIV/0!,#DIV/0!,#DIV/0!,#DIV/0!,#DIV/0!,#DIV/0!,#DIV/0!,45.437719,-75.657378,,,,,,#DIV/0!,St Anne/Montréal - Mega Shelter,Site A,#DIV/0!,,,,,,,,,,,,,,
Weekday Average,,,,,,,#DIV/0!,#DIV/0!,#DIV/0!,#DIV/0!,#DIV/0!,#DIV/0!,#DIV/0!,#DIV/0!,#DIV/0!,#DIV/0!,45.437719,-75.657378,,,,,,#DIV/0!,St Anne/Montréal - Mega Shelter,Site A,#DIV/0!,,,,,,,,,,,,,,
Weekend Average,,,,,,,23.57,52.37,1.2,2.2,2.5,60.37,32544.5,86.05,32547.3,100727.8,45.437719,-75.657378,,,,,,1,St Anne/Montréal - Mega Shelter,Site A,Low Risk,,,,,,,,,,,,,,
Total Average,,,,,,,23.57,52.37,1.2,2.2,2.5,60.37,32544.5,86.05,32547.3,100727.8,45.437719,-75.657378,,,,,,1,St Anne/Montréal - Mega Shelter,Site A,Low Risk,,,,,,,,,,,,,,
Good Site,08/22/2020 9:41:33,22-Aug-20,9:41,Morning,6,Weekend,23.6,50.75333333,1.166666667,2.1,2.566666667,62.76666667,32542.86667,98,32542.73333,100738.2333,45.439052,-75.658895,,,,,,1,St. Anne/ Monfort Vanier,Site B,Low Risk,,,,,,,,,,,,,,
,,,,Morning,6,Weekend,,,,,,,,,,,45.439052,-75.658895,,,,,,,St. Anne/ Monfort Vanier,Site B,Low Risk,,,,,,,,,,,,,,
,,,,Morning,6,Weekend,,,,,,,,,,,45.439052,-75.658895,,,,,,,St. Anne/ Monfort Vanier,Site B,Low Risk,,,,,,,,,,,,,,
,,,,Morning,6,Weekend,,,,,,,,,,,45.439052,-75.658895,,,,,,,St. Anne/ Monfort Vanier,Site B,Low Risk,,,,,,,,,,,,,,
Morning Average,,,,,,,23.6,50.75333333,1.166666667,2.1,2.566666667,62.76666667,32542.86667,98,32542.73333,100738.2333,45.439052,-75.658895,,,,,,1,St. Anne/ Monfort Vanier,Site B,Low Risk,,,,,,,,,,,,,,
Afternoon Average,,,,,,,#DIV/0!,#DIV/0!,#DIV/0!,#DIV/0!,#DIV/0!,#DIV/0!,#DIV/0!,#DIV/0!,#DIV/0!,#DIV/0!,45.439052,-75.658895,,,,,,#DIV/0!,St. Anne/ Monfort Vanier,Site B,#DIV/0!,,,,,,,,,,,,,,
Weekday Average,,,,,,,#DIV/0!,#DIV/0!,#DIV/0!,#DIV/0!,#DIV/0!,#DIV/0!,#DIV/0!,#DIV/0!,#DIV/0!,#DIV/0!,45.439052,-75.658895,,,,,,#DIV/0!,St. Anne/ Monfort Vanier,Site B,#DIV/0!,,,,,,,,,,,,,,
Weekend Average,,,,,,,23.6,50.75333333,1.166666667,2.1,2.566666667,62.76666667,32542.86667,98,32542.73333,100738.2333,45.439052,-75.658895,,,,,,1,St. Anne/ Monfort Vanier,Site B,Low Risk,,,,,,,,,,,,,,
Total Average,,,,,,,23.6,50.75333333,1.166666667,2.1,2.566666667,62.76666667,32542.86667,98,32542.73333,100738.2333,45.439052,-75.658895,,,,,,1,St. Anne/ Monfort Vanier,Site B,Low Risk,,,,,,,,,,,,,,
,,,,,,,,,,,,,,,,,,,,,,,,,,,Low Risk,,,,,,,,,,,,,,
Location 11,9/20/20 16:26,20-Sep-20,16:26:52 PM,Afternoon,7,Weekend,19.925,28.16,0.5,0.95,1.2,67.56,32539.55,-11.95,32588.65,102838.25,45.437719,-75.657378,,,,,,1.25,Shefford Rd/ Ch Montréal- Beacon Heights Retirement,Site A,Low Risk,,,,,,,,,,,,,,
Bad site,9/24/20 16:31,24-Sep-20,16:31,Afternoon,4,Weekday,22.17,42.01,0.9,1.9,2.3,27.31,32567.7,-7.17,32586.8,100763.9,45.437719,-75.657378,,,,,,1,Shefford Rd/ Ch Montréal- Beacon Heights Retirement,Site A,Low Risk,,,,,,,,,,,,,,
,9/26/20 9:57,26-Sep-20,9:57:18,Morning,6,Weekend,19.49,53.24,8.9,14.4,16.5,-29.67,32564.8,-104.61,32621,100961.6,45.437719,-75.657378,,,,,,1.5,Shefford Rd/ Ch Montréal- Beacon Heights Retirement,Site A,Low Risk,,,,,,,,,,,,,,
,9/01/20 8:41,1-Sep-20,8:41:14,Morning,2,Weekday,19.38,64.24,4.5,6.4,8.1,40.67,32505.8,107.37,32499.6,101049.3,45.437719,-75.657378,,,,,,1.5,Shefford Rd/ Ch Montréal- Beacon Heights Retirement,Site A,Low Risk,,,,,,,,,,,,,,
Morning Average,,,,,,,19.435,58.74,6.7,10.4,12.3,5.5,32535.3,1.38,32560.3,101005.45,45.437719,-75.657378,,,,,,1.5,Shefford Rd/ Ch Montréal- Beacon Heights Retirement,Site A,Low Risk,,,,,,,,,,,,,,
Afternoon Average,,,,,,,21.0475,35.085,0.7,1.425,1.75,47.435,32553.625,-9.56,32587.725,101801.075,45.437719,-75.657378,,,,,,1.125,Shefford Rd/ Ch Montréal- Beacon Heights Retirement,Site A,Low Risk,,,,,,,,,,,,,,
Weekday Average,,,,,,,20.775,53.125,2.7,4.15,5.2,33.99,32536.75,50.1,32543.2,100906.6,45.437719,-75.657378,,,,,,1.25,Shefford Rd/ Ch Montréal- Beacon Heights Retirement,Site A,Low Risk,,,,,,,,,,,,,,
Weekend Average,,,,,,,19.7075,40.7,4.7,7.675,8.85,18.945,32552.175,-58.28,32604.825,101899.925,45.437719,-75.657378,,,,,,1.375,Shefford Rd/ Ch Montréal- Beacon Heights Retirement,Site A,Low Risk,,,,,,,,,,,,,,
Total Average,,,,,,,20.24125,46.9125,3.7,5.9125,7.025,26.4675,32544.4625,-4.09,32574.0125,101403.2625,45.437719,-75.657378,,,,,,1.3125,Shefford Rd/ Ch Montréal- Beacon Heights Retirement,Site A,Low Risk,,,,,,,,,,,,,,
Good Site,9/20/20 16:43,20-Sep-20,16:43,Afternoon,7,Weekend,19.475,34.255,0.55,1.2,1.4,60.37,32544.6,13.145,32578.15,102808.35,45.439052,-75.658895,,,,,,1.5,Loyola park,Site B,Low Risk,,,,,,,,,,,,,,
,9/24/20 16:58,24-Sep-20,16:58:27,Afternoon,4,Weekday,20.83,46.72,1,2.1,2.8,-24.43,32603.2,4.78,32581.6,100767.3,45.439052,-75.658895,,,,,,1,Loyola park,Site B,Low Risk,,,,,,,,,,,,,,
,9/26/20,26-Sep-20,10:19:36,Morning,6,Weekend,18.815,59.58,9,13.7,15.45,-38.15,32570.6,-91.885,32616.1,100898.95,45.439052,-75.658895,,,,,,1.75,Loyola park,Site B,Low Risk,,,,,,,,,,,,,,
,9/01/20 8:49,1-Sep-20,8:49:04,Morning,2,Weekday,19.1,66.64,4.65,7.75,10.2,43.57,32503.3,74.91,32512.5,101046.95,45.439052,-75.658895,,,,,,1.5,Loyola park,Site B,Low Risk,,,,,,,,,,,,,,
Morning Average,,,,,,,18.9575,63.11,6.825,10.725,12.825,2.71,32536.95,-8.4875,32564.3,100972.95,45.439052,-75.658895,,,,,,1.625,Loyola park,Site B,Low Risk,,,,,,,,,,,,,,
Afternoon Average,,,,,,,20.1525,40.4875,0.775,1.65,2.1,17.97,32573.9,8.9625,32579.875,101787.825,45.439052,-75.658895,,,,,,1.25,Loyola park,Site B,Low Risk,,,,,,,,,,,,,,
Weekday Average,,,,,,,19.965,56.68,2.825,4.925,6.5,9.57,32553.25,39.845,32547.05,100907.125,45.439052,-75.658895,,,,,,1.25,Loyola park,Site B,Low Risk,,,,,,,,,,,,,,
Weekend Average,,,,,,,19.145,46.9175,4.775,7.45,8.425,11.11,32557.6,-39.37,32597.125,101853.65,45.439052,-75.658895,,,,,,1.625,Loyola park,Site B,Low Risk,,,,,,,,,,,,,,
Total Average,,,,,,,19.555,51.79875,3.8,6.1875,7.4625,10.34,32555.425,0.2375,32572.0875,101380.3875,45.439052,-75.658895,,,,,,1.4375,Loyola park,Site B,Low Risk,,,,,,,,,,,,,,
,,,,,,,,,,,,,,,,,,,,,,,,,,,,,,,,,,,,,,,,,
Location 12,9/12/20 9:58,12-Sep-20,9:58,Morning,6,Weekend,14.21,61.77,1.2,2.1,2.5,-5.65,32547.5,-36.76,32596.6,101766.7,45.437719,-75.657378,,,,,,1,Robertson Rd - The Caregard Group,Site A,Low Risk,,,,,,,,,,,,,,
Bad site,9/04/20 9:09,4-Sep-20,9:09,Morning,5,Weekend,21.97,46.43,0.1,0.4,0.7,167.02,32418.6,109.87,32498.3,100107.5,45.437719,-75.657378,,,,,,2.75,Robertson Rd - The Caregard Group,Site A,Low Risk,,,,,,,,,,,,,,
,8/29/20 16:19,29-Aug-20,16:19:00,Afternoon,6,Weekend,24.53,55.56,2.4,3.2,3.4,93.26,32477.1,31.1,32572.9,98348.5,45.437719,-75.657378,,,,,,1.75,Robertson Rd - The Caregard Group,Site A,Low Risk,,,,,,,,,,,,,,
,9/22/20 16:39,22-Sep-20,16:39:00,Afternoon,2,Weekday,21.85,40.72,2.3,3.8,4.8,86.24,32527,57.37,32559.2,100645.5,45.437719,-75.657378,,,,,,1.75,Robertson Rd - The Caregard Group,Site A,Low Risk,,,,,,,,,,,,,,
Morning Average,,,,,,,18.09,54.1,0.65,1.25,1.6,80.685,32483.05,36.555,32547.45,100937.1,45.437719,-75.657378,,,,,,1.875,Robertson Rd - The Caregard Group,Site A,Low Risk,,,,,,,,,,,,,,
Afternoon Average,,,,,,,23.19,48.14,2.35,3.5,4.1,89.75,32502.05,44.235,32566.05,99497,45.437719,-75.657378,,,,,,1.75,Robertson Rd - The Caregard Group,Site A,Low Risk,,,,,,,,,,,,,,
Weekday Average,,,,,,,21.85,40.72,2.3,3.8,4.8,86.24,32527,57.37,32559.2,100645.5,45.437719,-75.657378,,,,,,1.75,Robertson Rd - The Caregard Group,Site A,Low Risk,,,,,,,,,,,,,,
Weekend Average,,,,,,,20.23666667,54.58666667,1.233333333,1.9,2.2,84.87666667,32481.06667,34.73666667,32555.93333,100074.2333,45.437719,-75.657378,,,,,,1.833333333,Robertson Rd - The Caregard Group,Site A,Low Risk,,,,,,,,,,,,,,
Total Average,,,,,,,20.64,51.12,1.5,2.375,2.85,85.2175,32492.55,40.395,32556.75,100217.05,45.437719,-75.657378,,,,,,1.8125,Robertson Rd - The Caregard Group,Site A,Low Risk,,,,,,,,,,,,,,
Good Site,9/12/20 10:21,12-Sep-20,10:21,Morning,6,Weekend,15.48,60.94666667,3.6,5.5,5.933333333,-16.95666667,32555.6,-19.79,32590.33333,101732.9,45.439052,-75.658895,,,,,,1,Hadley Cir / Wareham St,Site B,Low Risk,,,,,,,,,,,,,,
,9/04/20 9:37,4-Sep-20,9:37:00,Morning,5,Weekend,18.97,56.05,0.1,0.3,0.7,161.21,32422.6,199.76,32462.5,100122.3,45.439052,-75.658895,,,,,,3,Hadley Cir / Wareham St,Site B,Low Risk,,,,,,,,,,,,,,
,8/29/20 16:26,29-Aug-20,16:26:00,Afternoon,6,Weekend,22.16,50.79,1.4,2.2,2.3,80.54,32487,-59.37,32604.4,98371.7,45.439052,-75.658895,,,,,,1.75,Hadley Cir / Wareham St,Site B,Low Risk,,,,,,,,,,,,,,
,9/22/20 16:48,22-Sep-20,16:48:00,Afternoon,2,Weekday,22.75,39.79,1.9,3.2,4,60.37,32544.5,57.37,32559.8,100623.7,45.439052,-75.658895,,,,,,1.75,Hadley Cir / Wareham St,Site B,Low Risk,,,,,,,,,,,,,,
Morning Average,,,,,,,17.225,58.49833334,1.85,2.9,3.316666667,72.12666667,32489.1,89.985,32526.41667,100927.6,45.439052,-75.658895,,,,,,2,Hadley Cir / Wareham St,Site B,Low Risk,,,,,,,,,,,,,,
Afternoon Average,,,,,,,22.455,45.29,1.65,2.7,3.15,70.455,32515.75,-1,32582.1,99497.7,45.439052,-75.658895,,,,,,1.75,Hadley Cir / Wareham St,Site B,Low Risk,,,,,,,,,,,,,,
Weekday Average,,,,,,,22.75,39.79,1.9,3.2,4,60.37,32544.5,57.37,32559.8,100623.7,45.439052,-75.658895,,,,,,1.75,Hadley Cir / Wareham St,Site B,Low Risk,,,,,,,,,,,,,,
Weekend Average,,,,,,,18.87,55.92888889,1.7,2.666666667,2.977777778,74.93111111,32488.4,40.2,32552.41111,100075.6333,45.439052,-75.658895,,,,,,1.916666667,Hadley Cir / Wareham St,Site B,Low Risk,,,,,,,,,,,,,,
Total Average,,,,,,,19.84,51.89416667,1.75,2.8,3.233333333,71.29083333,32502.425,44.4925,32554.25833,100212.65,45.439052,-75.658895,,,,,,1.875,Hadley Cir / Wareham St,Site B,Low Risk,,,,,,,,,,,,,,
,,,,,,,,,,,,,,,,,,,,,,,,,,,,,,,,,,,,,,,,,
Location 13,8/28/20 8:16,28-Aug-20,8:16,Morning,5,Weekday,18.08,65.27,1.7,2.6,2.8,53.74,32496.8,-42.45,32559.8,100419.7,,,,,,,,1.75,Hawthorne Public School,Site A,Low Risk,,,,,,,,,,,,,,
Bad site,9/04/20 16:49,4-Sep-20,16:49,Afternoon,5,Weekday,24.33,40.96,0,0.5,0.5,242.54,32367,262.19,32438,100417.5,,,,,,,,4,Hawthorne Public School,Site A,Moderate Risk,,,,,,,,,,,,,,
,9/12/20 16:28,12-Sep-20,16:28:00,Afternoon,6,Weekend,26.72,38.9,2.9,3.9,4.4,161.21,32422.2,362.07,32397.8,101450.3,,,,,,,,3.75,Hawthorne Public School,Site A,Moderate Risk,,,,,,,,,,,,,,
,9/20/20 8:21,20-Sep-20,8:21,Morning,7,Weekend,14.51,42.56,1.3,2.6,2.9,71.87,32536.4,-9.56,32587.9,102833.6,,,,,,,,1.25,Hawthorne Public School,Site A,Low Risk,,,,,,,,,,,,,,
Morning Average,,,,,,,16.295,53.915,1.5,2.6,2.85,62.805,32516.6,-26.005,32573.85,101626.65,45.437719,-75.657378,,,,,,1.5,Hawthorne Public School,Site A,Low Risk,,,,,,,,,,,,,,
Afternoon Average,,,,,,,25.525,39.93,1.45,2.2,2.45,201.875,32394.6,312.13,32417.9,100933.9,45.437719,-75.657378,,,,,,3.875,Hawthorne Public School,Site A,Moderate Risk,,,,,,,,,,,,,,
Weekday Average,,,,,,,21.205,53.115,0.85,1.55,1.65,148.14,32431.9,109.87,32498.9,100418.6,45.437719,-75.657378,,,,,,2.875,Hawthorne Public School,Site A,Low Risk,,,,,,,,,,,,,,
Weekend Average,,,,,,,20.615,40.73,2.1,3.25,3.65,116.54,32479.3,176.255,32492.85,102141.95,45.437719,-75.657378,,,,,,2.5,Hawthorne Public School,Site A,Low Risk,,,,,,,,,,,,,,
Total Average,,,,,,,20.91,46.9225,1.475,2.4,2.65,132.34,32455.6,143.0625,32495.875,101280.275,45.437719,-75.657378,,,,,,2.6875,Hawthorne Public School,Site A,Low Risk,,,,,,,,,,,,,,
Good Site,8/28/20 8:44,28-Aug-20,8:44,Morning,5,Weekday,16.98,69.03,1.5,2.4,2.8,23.24,32517.3,-82.4,32575.4,100386,,,,,,,,1.25,Valley Dr/Goren Ave,Site B,Low Risk,,,,,,,,,,,,,,
,9/04/20 16:59,4-Sep-20,16:59:00,Afternoon,5,Weekday,22.48,44.13,0,0,0.1,196.07,32398.8,169.8,32474.9,100439.8,,,,,,,,4.25,Valley Dr/Goren Ave,Site B,Moderate Risk,,,,,,,,,,,,,,
,9/12/20 16:37,12-Sep-20,16:37:00,Afternoon,6,Weekend,23.97,43.58,3.1,4.7,5.2,103.12,32462.8,289.65,32427,101460.9,,,,,,,,2.75,Valley Dr/Goren Ave,Site B,Low Risk,,,,,,,,,,,,,,
,9/20/20 8:47,20-Sep-20,8:47:00,Morning,7,Weekend,12.26,48.48,1.1,2.1,2.6,2.87,32584.6,-40.63,32600.4,102843.8,,,,,,,,1,Valley Dr/Goren Ave,Site B,Low Risk,,,,,,,,,,,,,,
Morning Average,,,,,,,14.62,58.755,1.3,2.25,2.7,13.055,32550.95,-61.515,32587.9,101614.9,45.439052,-75.658895,,,,,,1.125,Valley Dr/Goren Ave,Site B,Low Risk,,,,,,,,,,,,,,
Afternoon Average,,,,,,,23.225,43.855,1.55,2.35,2.65,149.595,32430.8,229.725,32450.95,100950.35,45.439052,-75.658895,,,,,,3.5,Valley Dr/Goren Ave,Site B,Moderate Risk,,,,,,,,,,,,,,
Weekday Average,,,,,,,19.73,56.58,0.75,1.2,1.45,109.655,32458.05,43.7,32525.15,100412.9,45.439052,-75.658895,,,,,,2.75,Valley Dr/Goren Ave,Site B,Low Risk,,,,,,,,,,,,,,
Weekend Average,,,,,,,18.115,46.03,2.1,3.4,3.9,52.995,32523.7,124.51,32513.7,102152.35,45.439052,-75.658895,,,,,,1.875,Valley Dr/Goren Ave,Site B,Low Risk,,,,,,,,,,,,,,
Total Average,,,,,,,18.9225,51.305,1.425,2.3,2.675,81.325,32490.875,84.105,32519.425,101282.625,45.439052,-75.658895,,,,,,2.3125,Valley Dr/Goren Ave,Site B,Low Risk,,,,,,,,,,,,,,
